# 회원 테이블
INSERT INTO tbl_member (member_id, member_nickname, member_password, member_email, member_birth, member_phone_number, member_address) VALUES
        ('admin', '관리자', '$2a$10$COvazywgZPXseeKaYhruh.pAYYfcSeGO5aSrHOsLZN0X8joNwW2dW', 'players@gmail.com', '1992-08-31','010-1234-1234', '서울시 서대문구 연희동');
INSERT INTO tbl_member (member_id, member_nickname, member_password, member_email, member_birth, member_phone_number, member_address) VALUES
      ('manager01', '매니저', '$2a$10$N34MRj4tKVD0AxwvEcC8eOLUyBpXloPKE7Yw.S4/kj5fD1OU5BWsi', 'manager01@naver.com', '1992-08-31','010-1234-1234', '서울시 서대문구 연희동');
INSERT INTO tbl_member (member_id, member_nickname, member_password, member_email, member_birth, member_phone_number, member_address) VALUES
    ('manager02', '매니저02', '$2a$10$N34MRj4tKVD0AxwvEcC8eOLUyBpXloPKE7Yw.S4/kj5fD1OU5BWsi', 'manager02@naver.com', '1993-05-17','010-2345-2345', '서울시 강남구 역삼동'),
    ('manager03', '매니저03', '$2a$10$N34MRj4tKVD0AxwvEcC8eOLUyBpXloPKE7Yw.S4/kj5fD1OU5BWsi', 'manager03@naver.com', '1991-12-22','010-3456-3456', '서울시 마포구 홍대동'),
    ('manager04', '매니저04', '$2a$10$N34MRj4tKVD0AxwvEcC8eOLUyBpXloPKE7Yw.S4/kj5fD1OU5BWsi', 'manager04@naver.com', '1990-03-09','010-4567-4567', '서울시 용산구 한남동'),
    ('manager05', '매니저05', '$2a$10$N34MRj4tKVD0AxwvEcC8eOLUyBpXloPKE7Yw.S4/kj5fD1OU5BWsi', 'manager05@naver.com', '1989-11-05','010-5678-5678', '서울시 송파구 가락동'),
    ('manager06', '매니저06', '$2a$10$N34MRj4tKVD0AxwvEcC8eOLUyBpXloPKE7Yw.S4/kj5fD1OU5BWsi', 'manager06@naver.com', '1994-07-13','010-6789-6789', '서울시 서초구 서초동');
INSERT INTO tbl_member (member_id, member_nickname, member_password, member_email, member_birth, member_phone_number, member_address) VALUES
      ('user01', '유저01', '$2a$10$N34MRj4tKVD0AxwvEcC8eOLUyBpXloPKE7Yw.S4/kj5fD1OU5BWsi', 'user01@naver.com', '2004-05-28','010-1234-1234', '서울시 서대문구 연희동');
INSERT INTO tbl_member (member_id, member_nickname, member_password, member_email, member_birth, member_phone_number, member_address) VALUES
    ('user02', '유저02', '$2a$10$N34MRj4tKVD0AxwvEcC8eOLUyBpXloPKE7Yw.S4/kj5fD1OU5BWsi', 'user02@naver.com', '2002-03-15','010-1234-5678', '서울시 강남구 삼성동'),
    ('user03', '유저03', '$2a$10$N34MRj4tKVD0AxwvEcC8eOLUyBpXloPKE7Yw.S4/kj5fD1OU5BWsi', 'user03@naver.com', '1998-11-23','010-2345-6789', '서울시 마포구 상암동'),
    ('user04', '유저04', '$2a$10$N34MRj4tKVD0AxwvEcC8eOLUyBpXloPKE7Yw.S4/kj5fD1OU5BWsi', 'user04@naver.com', '1995-08-07','010-3456-7890', '서울시 용산구 이태원동'),
    ('user05', '유저05', '$2a$10$N34MRj4tKVD0AxwvEcC8eOLUyBpXloPKE7Yw.S4/kj5fD1OU5BWsi', 'user05@naver.com', '2000-01-29','010-4567-8901', '서울시 송파구 잠실동'),
    ('user06', '유저06', '$2a$10$N34MRj4tKVD0AxwvEcC8eOLUyBpXloPKE7Yw.S4/kj5fD1OU5BWsi', 'user06@naver.com', '2001-05-14','010-5678-9012', '서울시 서초구 반포동'),
    ('user07', '유저07', '$2a$10$N34MRj4tKVD0AxwvEcC8eOLUyBpXloPKE7Yw.S4/kj5fD1OU5BWsi', 'user07@naver.com', '1997-09-22','010-6789-0123', '서울시 성동구 성수동'),
    ('user08', '유저08', '$2a$10$N34MRj4tKVD0AxwvEcC8eOLUyBpXloPKE7Yw.S4/kj5fD1OU5BWsi', 'user08@naver.com', '1999-12-05','010-7890-1234', '서울시 동대문구 회기동'),
    ('user09', '유저09', '$2a$10$N34MRj4tKVD0AxwvEcC8eOLUyBpXloPKE7Yw.S4/kj5fD1OU5BWsi', 'user09@naver.com', '2003-07-19','010-8901-2345', '서울시 강북구 수유동'),
    ('user10', '유저10', '$2a$10$N34MRj4tKVD0AxwvEcC8eOLUyBpXloPKE7Yw.S4/kj5fD1OU5BWsi', 'user10@naver.com', '2004-10-02','010-9012-3456', '서울시 은평구 불광동'),
    ('user11', '유저11', '$2a$10$N34MRj4tKVD0AxwvEcC8eOLUyBpXloPKE7Yw.S4/kj5fD1OU5BWsi', 'user11@naver.com', '2005-04-18','010-0123-4567', '서울시 노원구 상계동');

# 권한 테이블 및 회원별 권한 테이블 데이터 추가

INSERT INTO tbl_authority (authority_name, authority_desc) VALUES ('ROLE_ADMIN', '관리자');
INSERT INTO tbl_authority (authority_name, authority_desc) VALUES ('ROLE_MANAGER', '매니저');
INSERT INTO tbl_authority (authority_name, authority_desc) VALUES ('ROLE_USER', '일반회원');

INSERT INTO tbl_member_role (member_code, authority_code) VALUES (1, 1);
INSERT INTO tbl_member_role (member_code, authority_code) VALUES (1, 2);
INSERT INTO tbl_member_role (member_code, authority_code) VALUES (1, 3);
INSERT INTO tbl_member_role (member_code, authority_code) VALUES (2, 2);
INSERT INTO tbl_member_role (member_code, authority_code) VALUES (2, 3);
INSERT INTO tbl_member_role (member_code, authority_code) VALUES (3, 2);
INSERT INTO tbl_member_role (member_code, authority_code) VALUES (3, 3);
INSERT INTO tbl_member_role (member_code, authority_code) VALUES (4, 2);
INSERT INTO tbl_member_role (member_code, authority_code) VALUES (4, 3);
INSERT INTO tbl_member_role (member_code, authority_code) VALUES (5, 2);
INSERT INTO tbl_member_role (member_code, authority_code) VALUES (5, 3);
INSERT INTO tbl_member_role (member_code, authority_code) VALUES (6, 2);
INSERT INTO tbl_member_role (member_code, authority_code) VALUES (6, 3);
INSERT INTO tbl_member_role (member_code, authority_code) VALUES (7, 2);
INSERT INTO tbl_member_role (member_code, authority_code) VALUES (7, 3);
INSERT INTO tbl_member_role (member_code, authority_code) VALUES (8, 3);
INSERT INTO tbl_member_role (member_code, authority_code) VALUES (9, 3);
INSERT INTO tbl_member_role (member_code, authority_code) VALUES (10, 3);
INSERT INTO tbl_member_role (member_code, authority_code) VALUES (11, 3);
INSERT INTO tbl_member_role (member_code, authority_code) VALUES (12, 3);
INSERT INTO tbl_member_role (member_code, authority_code) VALUES (13, 3);
INSERT INTO tbl_member_role (member_code, authority_code) VALUES (14, 3);
INSERT INTO tbl_member_role (member_code, authority_code) VALUES (15, 3);
INSERT INTO tbl_member_role (member_code, authority_code) VALUES (16, 3);
INSERT INTO tbl_member_role (member_code, authority_code) VALUES (17, 3);
INSERT INTO tbl_member_role (member_code, authority_code) VALUES (18, 3);


# 공지게시판 테이블 데이터 추가
INSERT INTO tbl_notice (member_code, notice_title, notice_content, create_date, modifyed_date, notice_category) VALUES
                                                                                                                    (1, '공지사항 제목 1', '공지사항 내용 1', '2024-01-01', '2024-01-01', '공지사항'),
                                                                                                                    (1, '공지사항 제목 2', '공지사항 내용 2', '2024-01-02', '2024-01-02', '이벤트'),
                                                                                                                    (1, '공지사항 제목 3', '공지사항 내용 3', '2024-01-03', '2024-01-03', '자주묻는질문'),
                                                                                                                    (1, '공지사항 제목 4', '공지사항 내용 4', '2024-01-04', '2024-01-04', '공지사항'),
                                                                                                                    (1, '공지사항 제목 5', '공지사항 내용 5', '2024-01-05', '2024-01-05', '이벤트'),
                                                                                                                    (1, '공지사항 제목 6', '공지사항 내용 6', '2024-01-06', '2024-01-06', '자주묻는질문'),
                                                                                                                    (1, '공지사항 제목 7', '공지사항 내용 7', '2024-01-07', '2024-01-07', '공지사항'),
                                                                                                                    (1, '공지사항 제목 8', '공지사항 내용 8', '2024-01-08', '2024-01-08', '이벤트'),
                                                                                                                    (1, '공지사항 제목 9', '공지사항 내용 9', '2024-01-09', '2024-01-09', '자주묻는질문'),
                                                                                                                    (1, '공지사항 제목 10', '공지사항 내용 10', '2024-01-10', '2024-01-10', '공지사항'),
                                                                                                                    (1, '공지사항 제목 11', '공지사항 내용 11', '2024-01-11', '2024-01-11', '이벤트'),
                                                                                                                    (1, '공지사항 제목 12', '공지사항 내용 12', '2024-01-12', '2024-01-12', '자주묻는질문'),
                                                                                                                    (1, '공지사항 제목 13', '공지사항 내용 13', '2024-01-13', '2024-01-13', '공지사항'),
                                                                                                                    (1, '공지사항 제목 14', '공지사항 내용 14', '2024-01-14', '2024-01-14', '이벤트'),
                                                                                                                    (1, '공지사항 제목 15', '공지사항 내용 15', '2024-01-15', '2024-01-15', '자주묻는질문'),
                                                                                                                    (1, '공지사항 제목 16', '공지사항 내용 16', '2024-01-16', '2024-01-16', '공지사항'),
                                                                                                                    (1, '공지사항 제목 17', '공지사항 내용 17', '2024-01-17', '2024-01-17', '이벤트'),
                                                                                                                    (1, '공지사항 제목 18', '공지사항 내용 18', '2024-01-18', '2024-01-18', '자주묻는질문'),
                                                                                                                    (1, '공지사항 제목 19', '공지사항 내용 19', '2024-01-19', '2024-01-19', '공지사항'),
                                                                                                                    (1, '공지사항 제목 20', '공지사항 내용 20', '2024-01-20', '2024-01-20', '이벤트');





# 고객리뷰게시판 테이블 데이터 추가
INSERT INTO tbl_review (member_code, store_code, review_title, review_content, create_date, modifyed_date, review_star)
VALUES
(3, 1, '리뷰 제목 1', '리뷰 내용 1', '2024-01-01', '2024-01-01', 5),
(3, 2, '리뷰 제목 2', '리뷰 내용 2', '2024-01-02', '2024-01-02', 4),
(3, 3, '리뷰 제목 3', '리뷰 내용 3', '2024-01-03', '2024-01-03', 3),
(3, 1, '리뷰 제목 4', '리뷰 내용 4', '2024-01-04', '2024-01-04', 5),
(3, 2, '리뷰 제목 5', '리뷰 내용 5', '2024-01-05', '2024-01-05', 4),
(3, 3, '리뷰 제목 6', '리뷰 내용 6', '2024-01-06', '2024-01-06', 3),
(3, 1, '리뷰 제목 7', '리뷰 내용 7', '2024-01-07', '2024-01-07', 5),
(3, 2, '리뷰 제목 8', '리뷰 내용 8', '2024-01-08', '2024-01-08', 4),
(3, 3, '리뷰 제목 9', '리뷰 내용 9', '2024-01-09', '2024-01-09', 3),
(3, 1, '리뷰 제목 10', '리뷰 내용 10', '2024-01-10', '2024-01-10', 5),
(3, 2, '리뷰 제목 11', '리뷰 내용 11', '2024-01-11', '2024-01-11', 4),
(3, 3, '리뷰 제목 12', '리뷰 내용 12', '2024-01-12', '2024-01-12', 3),
(3, 1, '리뷰 제목 13', '리뷰 내용 13', '2024-01-13', '2024-01-13', 5),
(3, 2, '리뷰 제목 14', '리뷰 내용 14', '2024-01-14', '2024-01-14', 4),
(3, 3, '리뷰 제목 15', '리뷰 내용 15', '2024-01-15', '2024-01-15', 3),
(3, 1, '리뷰 제목 16', '리뷰 내용 16', '2024-01-16', '2024-01-16', 5),
(3, 2, '리뷰 제목 17', '리뷰 내용 17', '2024-01-17', '2024-01-17', 4),
(3, 3, '리뷰 제목 18', '리뷰 내용 18', '2024-01-18', '2024-01-18', 3),
(3, 1, '리뷰 제목 19', '리뷰 내용 19', '2024-01-19', '2024-01-19', 5),
(3, 2, '리뷰 제목 20', '리뷰 내용 20', '2024-01-20', '2024-01-20', 4);




# boadgame dml
INSERT INTO tbl_boardgame (boardgame_name, difficulty, release_date, min_player, max_player, playtime, boardgame_rule)
VALUES
('카탄', '중간', '1995-01-01', 3, 4, 60, '플레이어들은 자원을 모아 도로, 정착지, 도시를 건설합니다.'),
('티켓 투 라이드', '쉬움', '2004-01-01', 2, 5, 45, '플레이어들은 기차 카드를 모아 지도상의 철도 노선을 차지합니다.'),
('팬데믹', '어려움', '2008-01-01', 2, 4, 45, '플레이어들은 협력하여 질병이 확산되는 것을 막고 치료제를 개발합니다.'),
('카르카손', '쉬움', '2000-01-01', 2, 5, 35, '플레이어들은 타일을 배치하여 도시, 도로, 들판을 확장합니다.'),
('7 원더스', '중간', '2010-01-01', 2, 7, 30, '플레이어들은 카드를 드래프트하여 문명을 발전시키고 불가사의를 건설합니다.'),
('아줄', '쉬움', '2017-01-01', 2, 4, 30, '플레이어들은 타일을 드래프트하여 개인 보드에 패턴을 완성합니다.'),
('테라포밍 마스', '어려움', '2016-01-01', 1, 5, 120, '플레이어들은 자원 관리를 통해 화성을 거주 가능한 행성으로 변화시키기 위해 경쟁합니다.'),
('스플렌더', '쉬움', '2014-01-01', 2, 4, 30, '플레이어들은 보석을 모아 카드를 개발하여 명성을 쌓습니다.'),
('도미니언', '중간', '2008-01-01', 2, 4, 30, '플레이어들은 승점 카드를 얻기 위해 덱을 빌드합니다.'),
('글룸헤이븐', '어려움', '2017-01-01', 1, 4, 120, '플레이어들은 전술 전투의 지속적인 세계에서 시나리오를 통해 캠페인을 진행합니다.'),
('윙스팬', '중간', '2019-01-01', 1, 5, 40, '플레이어들은 자신들의 야생 보호구역에 새들을 유치합니다.'),
('루트', '어려움', '2018-01-01', 2, 4, 90, '플레이어들은 비대칭적인 파벌을 제어하여 숲 속 왕국을 장악하기 위해 싸웁니다.'),
('아그리콜라', '어려움', '2007-01-01', 1, 5, 120, '플레이어들은 땅을 농사짓고 작물을 재배하며 동물을 기릅니다.'),
('에버델', '중간', '2018-01-01', 1, 4, 80, '플레이어들은 숲 속 세계에서 동물과 건축물을 사용하여 도시를 건설합니다.'),
('코드네임', '쉬움', '2015-01-01', 2, 8, 15, '플레이어들은 한 단어로 힌트를 주어 팀이 올바른 단어를 맞추도록 도와줍니다.'),
('사이스', '어려움', '2016-01-01', 1, 7, 115, '플레이어들은 제1차 세계대전 이후 대체 역사적 유럽에서 파벌을 제어하여 영토를 정복합니다.'),
('티켓 투 라이드: 유럽', '쉬움', '2005-01-01', 2, 5, 45, '플레이어들은 기차 카드를 모아 유럽 전역의 철도 노선을 차지합니다.'),
('스피릿 아일랜드', '어려움', '2017-01-01', 1, 4, 90, '플레이어들은 정착민들로부터 섬을 지키는 영혼들입니다.'),
('사그라다', '쉬움', '2017-01-01', 1, 4, 30, '플레이어들은 주사위를 드래프트하여 특정 패턴에 맞게 스테인드글라스 창문을 만듭니다.'),
('브래스: 버밍엄', '어려움', '2018-01-01', 2, 4, 120, '플레이어들은 산업 혁명 시기에 산업을 건설하고 네트워크를 구축합니다.'),
('패치워크', '쉬움', '2014-01-01', 2, 2, 30, '플레이어들은 개인 보드에 가장 예쁜 퀼트를 만들기 위해 경쟁합니다.'),
('부르고뉴의 성', '중간', '2011-01-01', 2, 4, 90, '플레이어들은 타일을 배치하여 자신의 영지를 발전시킵니다.'),
('글룸', '중간', '2004-01-01', 2, 4, 60, '플레이어들은 불행한 사건을 통해 자신의 가족을 가장 비참하게 만듭니다.'),
('킹도미노', '쉬움', '2016-01-01', 2, 4, 15, '플레이어들은 타일을 드래프트하여 5x5 왕국을 만듭니다.'),
('라이징 선', '어려움', '2018-01-01', 3, 5, 120, '플레이어들은 신화적 일본에서 클랜을 제어하여 영토를 장악하기 위해 경쟁합니다.'),
('블러드 레이지', '어려움', '2015-01-01', 2, 4, 90, '플레이어들은 라그나로크 전에 영광을 얻기 위해 바이킹 클랜을 제어합니다.'),
('딕싯', '쉬움', '2008-01-01', 3, 6, 30, '플레이어들은 번갈아가며 이야기꾼이 되어 이야기에 맞는 이미지를 추측합니다.'),
('산토리니', '쉬움', '2016-01-01', 2, 4, 20, '플레이어들은 건물을 세우고 자신의 일꾼을 건물의 세 번째 층에 올려놓으려고 합니다.'),
('메이지 나이트', '어려움', '2011-01-01', 1, 4, 240, '플레이어들은 덱 빌딩과 RPG 요소를 사용하여 아틀란티스 세계를 탐험하고 정복합니다.'),
('비티컬처', '중간', '2013-01-01', 1, 6, 90, '플레이어들은 포도원을 관리하여 와인을 생산하고 주문을 이행합니다.');


# menu 데이터 삽입
INSERT INTO tbl_menu (menu_code, menu_name, category, menu_content, menu_price, orderable_status) VALUES
 (1, '아메리카노', '음료', '신선하게 내린 커피와 뜨거운 물', 3000, 1),
 (2, '카푸치노', '음료', '에스프레소와 스팀 밀크 거품', 3500, 1),
 (3, '라떼', '음료', '에스프레소와 스팀 밀크', 3500, 1),
 (4, '모카', '음료', '에스프레소와 초콜릿, 스팀 밀크', 4000, 1),
 (5, '녹차', '음료', '신선하게 우려낸 녹차', 3000, 1),
 (6, '허브차', '음료', '다양한 허브 블렌드 차', 3000, 1),
 (7, '레모네이드', '음료', '신선한 레몬으로 만든 레모네이드', 3500, 1),
 (8, '스무디', '음료', '신선한 과일과 요거트를 블렌딩한 스무디', 4500, 1),
 (9, '피자', '음식', '다양한 토핑을 얹은 신선한 피자', 12000, 1),
 (10, '파스타', '음식', '다양한 소스를 선택할 수 있는 파스타', 10000, 1),
 (11, '샌드위치', '음식', '다양한 재료를 선택할 수 있는 신선한 샌드위치', 7000, 1),
 (12, '샐러드', '음식', '신선한 재료로 만든 다양한 샐러드', 8000, 1),
 (13, '나초', '간식', '치즈와 살사를 곁들인 바삭한 나초', 6000, 1),
 (14, '프렌치 프라이', '간식', '케첩과 함께 제공되는 바삭한 프렌치 프라이', 5000, 1),
 (15, '치킨 윙', '간식', '디핑 소스와 함께 제공되는 매콤한 치킨 윙', 10000, 1),
 (16, '치즈 스틱', '간식', '마리나라 소스를 곁들인 튀긴 치즈 스틱', 7000, 1),
 (17, '초콜릿 케이크', '디저트', '풍부한 초콜릿 케이크와 프로스팅', 5000, 1),
 (18, '아이스크림', '디저트', '다양한 아이스크림 맛', 3000, 1),
 (19, '브라우니', '디저트', '견과류가 들어간 쫀득한 브라우니', 4000, 1),
 (20, '머핀', '디저트', '신선하게 구워낸 머핀', 3000, 1);


# store 데이터 삽입
INSERT INTO tbl_store (store_name, store_location, open_time, close_time, closed_day)
VALUES
('강남점', '강남', '09:00', '22:00', '연중무휴'),
('종로점', '종로', '10:00', '21:00', '연중무휴'),
('신촌점', '신촌', '08:00', '23:00', '연중무휴');




# tbl_storemenu 데이터
-- tbl_storemenu 데이터
INSERT INTO tbl_storemenu (store_code, menu_code, menu_count) VALUES
                                                                  (1, 1, 150),
                                                                  (1, 2, 120),
                                                                  (1, 3, 100),
                                                                  (1, 4, 80),
                                                                  (1, 5, 60),
                                                                  (1, 6, 50),
                                                                  (1, 7, 70),
                                                                  (1, 8, 30),
                                                                  (1, 9, 90),
                                                                  (1, 10, 110),
                                                                  (1, 11, 55),
                                                                  (1, 12, 75),
                                                                  (1, 13, 65),
                                                                  (1, 14, 45),
                                                                  (1, 15, 35),
                                                                  (1, 16, 40),
                                                                  (1, 17, 25),
                                                                  (1, 18, 85),
                                                                  (1, 19, 95),
                                                                  (1, 20, 105),
                                                                  (1, 21, 115),

                                                                  (2, 1, 140),
                                                                  (2, 2, 130),
                                                                  (2, 3, 110),
                                                                  (2, 4, 90),
                                                                  (2, 5, 80),
                                                                  (2, 6, 70),
                                                                  (2, 7, 60),
                                                                  (2, 8, 50),
                                                                  (2, 9, 40),
                                                                  (2, 10, 30),
                                                                  (2, 11, 20),
                                                                  (2, 12, 25),
                                                                  (2, 13, 35),
                                                                  (2, 14, 45),
                                                                  (2, 15, 55),
                                                                  (2, 16, 65),
                                                                  (2, 17, 75),
                                                                  (2, 18, 85),
                                                                  (2, 19, 95),
                                                                  (2, 20, 105),
                                                                  (2, 21, 115),

                                                                  (3, 1, 130),
                                                                  (3, 2, 120),
                                                                  (3, 3, 110),
                                                                  (3, 4, 100),
                                                                  (3, 5, 90),
                                                                  (3, 6, 80),
                                                                  (3, 7, 70),
                                                                  (3, 8, 60),
                                                                  (3, 9, 50),
                                                                  (3, 10, 40),
                                                                  (3, 11, 30),
                                                                  (3, 12, 20),
                                                                  (3, 13, 25),
                                                                  (3, 14, 35),
                                                                  (3, 15, 45),
                                                                  (3, 16, 55),
                                                                  (3, 17, 65),
                                                                  (3, 18, 75),
                                                                  (3, 19, 85),
                                                                  (3, 20, 95),
                                                                  (3, 21, 105);


ALTER TABLE tbl_boardgameimage
    MODIFY COLUMN boardgame_code BIGINT;



DELETE FROM tbl_boardgameimage;
DELETE FROM tbl_boardgame;

ALTER TABLE tbl_boardgameimage
    MODIFY COLUMN boardgame_code BIGINT;

-- Safe update mode 비활성화--
SET SQL_SAFE_UPDATES = 0;

ALTER TABLE tbl_boardgameimage
    MODIFY COLUMN boardgame_code BIGINT;




INSERT INTO tbl_boardgame (boardgame_code, boardgame_name, difficulty, release_date, min_player, max_player, playtime, boardgame_rule) VALUES
                                                                                                                                           (1, '월드 오브 워크래프트', '어려움', '2004-01-01', 2, 6, 120, '전설적인 MMORPG를 기반으로 한 보드 게임입니다. 다양한 직업과 종족을 선택하여 모험을 떠나보세요.'),
                                                                                                                                           (2, '캘리코', '중간', '2020-01-01', 1, 4, 45, '고양이 이불을 만들면서 점수를 얻는 전략적인 퍼즐 게임입니다. 조각을 잘 배치하여 고양이를 유인하세요.'),
                                                                                                                                           (3, '테라포밍 마스', '어려움', '2016-01-01', 1, 5, 120, '화성을 인간이 살기 좋은 행성으로 바꾸기 위한 전략 게임입니다. 자원을 관리하고 프로젝트를 완수하세요.'),
                                                                                                                                           (4, '화이트채플', '어려움', '2008-01-01', 2, 6, 90, '잭 더 리퍼를 쫓는 탐정들의 추격전입니다. 잭이 되거나 탐정이 되어 게임을 진행하세요.'),
                                                                                                                                           (5, '텔레스트레이션', '쉬움', '2009-01-01', 4, 8, 30, '그림을 그리고 다른 사람이 무엇을 그렸는지 맞추는 파티 게임입니다. 창의력을 발휘하세요.'),
                                                                                                                                           (6, '딕싯', '쉬움', '2008-01-01', 3, 6, 30, '아름다운 일러스트 카드로 이야기를 만들어내는 창의적인 게임입니다. 카드의 숨은 의미를 찾아보세요.'),
                                                                                                                                           (7, '꿈의 대화', '중간', '2019-01-01', 2, 4, 45, '꿈속에서 벌어지는 이야기들을 풀어가는 게임입니다. 상상력을 발휘하여 게임을 진행하세요.'),
                                                                                                                                           (8, '개구리 사탕 먹기', '쉬움', '2015-01-01', 2, 4, 20, '개구리가 사탕을 먹는 재미있는 게임입니다. 빠르게 사탕을 모아 승리하세요.'),
                                                                                                                                           (9, 'Civilization', '어려움', '2010-01-01', 2, 4, 180, '문명을 건설하고 발전시키는 전략 게임입니다. 다양한 전략을 사용하여 문명을 발전시키세요.'),
                                                                                                                                           (10, '라그나로크', '중간', '2021-01-01', 2, 4, 90, '북유럽 신화를 기반으로 한 전략 게임입니다. 신들과 함께 전투를 벌이세요.'),
                                                                                                                                           (11, '하모니즈', '중간', '2017-01-01', 2, 5, 60, '하모니를 이루기 위한 전략 게임입니다. 다양한 요소를 조합하여 하모니를 이루세요.'),
                                                                                                                                           (12, '스시팡', '쉬움', '2013-01-01', 2, 4, 30, '스시를 테마로 한 카드 게임입니다. 스시를 모아 높은 점수를 얻으세요.'),
                                                                                                                                           (13, 'Mahe', '쉬움', '2015-01-01', 2, 6, 20, '코코넛을 모으는 재미있는 게임입니다. 전략적으로 코코넛을 모아 승리하세요.'),
                                                                                                                                           (14, '정령섬', '어려움', '2017-01-01', 1, 4, 120, '정령이 되어 섬을 침략자들로부터 지키는 협력 게임입니다.'),
                                                                                                                                           (15, '리프라프', '중간', '2012-01-01', 2, 4, 30, '배를 기울이지 않고 균형을 맞추는 게임입니다. 정교한 손놀림이 필요합니다.'),
                                                                                                                                           (16, '도쿄 하이웨이', '쉬움', '2016-01-01', 2, 4, 30, '도쿄의 복잡한 도로를 재현한 게임입니다. 도로를 건설하며 차량을 배치하세요.'),
                                                                                                                                           (17, '프라이데이', '어려움', '2011-01-01', 1, 1, 30, '혼자서 즐기는 덱 빌딩 게임입니다. 로빈슨 크루소를 도와 생존하세요.'),
                                                                                                                                           (18, '카미사도', '중간', '2008-01-01', 2, 2, 45, '색상 타일을 이용한 전략 보드 게임입니다. 상대의 움직임을 예측하세요.'),
                                                                                                                                           (19, '아발론', '어려움', '2012-01-01', 5, 10, 30, '아더왕의 전설을 배경으로 한 역할 추리 게임입니다.'),
                                                                                                                                           (20, '스릴팡', '쉬움', '2010-01-01', 2, 4, 30, '놀이공원의 어트랙션을 즐기는 재미있는 게임입니다.'),
                                                                                                                                           (21, '윙스팬', '중간', '2019-01-01', 1, 5, 40, '새를 모으고 보존하는 전략 게임입니다. 다양한 새를 수집하여 점수를 얻으세요.'),
                                                                                                                                           (22, '스카이폴', '중간', '2013-01-01', 2, 4, 60, '하늘에서 떨어지는 물체를 피하는 스릴 넘치는 게임입니다.'),
                                                                                                                                           (23, '빛의 도시 파리', '쉬움', '2015-01-01', 2, 4, 30, '파리의 건축을 테마로 한 전략 게임입니다. 아름다운 도시를 건설하세요.'),
                                                                                                                                           (24, '당나귀 다리', '중간', '2014-01-01', 2, 4, 45, '당나귀와 함께 다리를 건너는 모험 게임입니다. 전략적으로 이동하세요.'),
                                                                                                                                           (25, '올로그', '중간', '2016-01-01', 2, 4, 60, '고대 문명을 배경으로 한 전략 게임입니다. 문명을 발전시키세요.'),
                                                                                                                                           (26, '주플', '쉬움', '2011-01-01', 2, 4, 30, '주사위를 굴려 점수를 얻는 게임입니다. 운과 전략을 조합하세요.'),
                                                                                                                                           (27, '꼬치의 달인', '중간', '2018-01-01', 2, 6, 30, '꼬치를 만들어 점수를 얻는 전략 게임입니다. 꼬치의 조합을 맞추세요.'),
                                                                                                                                           (28, '노터치 크라켄', '중간', '2015-01-01', 2, 4, 30, '크라켄을 피해 보물을 찾아야 하는 게임입니다. 전략적으로 움직이세요.'),
                                                                                                                                           (29, '카이사르', '어려움', '2012-01-01', 2, 4, 90, '고대 로마를 배경으로 한 전략 게임입니다. 로마를 정복하세요.'),
                                                                                                                                           (30, '피에스타', '쉬움', '2017-01-01', 2, 6, 30, '축제를 즐기는 파티 게임입니다. 다양한 이벤트를 즐기세요.'),
                                                                                                                                           (31, '서바이브', '중간', '1982-01-01', 2, 4, 45, '섬에서 탈출하여 살아남는 게임입니다. 전략적으로 움직이세요.'),
                                                                                                                                           (32, '아컴호러', '어려움', '2005-01-01', 1, 8, 180, '공포 테마의 협력 게임입니다. 몬스터를 물리치고 생존하세요.'),
                                                                                                                                           (33, '프로스트 펑크', '어려움', '2018-01-01', 1, 4, 120, '혹한의 세계에서 생존하는 전략 게임입니다. 자원을 관리하세요.'),
                                                                                                                                           (34, '손바닥 룰렛', '쉬움', '2015-01-01', 2, 6, 20, '손바닥으로 룰렛을 돌려 점수를 얻는 게임입니다.'),
                                                                                                                                           (35, '패치워크', '중간', '2014-01-01', 2, 2, 30, '천 조각을 이용하여 패턴을 완성하는 게임입니다.'),
                                                                                                                                           (36, '텀블링몽키', '쉬움', '2005-01-01', 2, 4, 15, '몽키를 떨어뜨리지 않고 막대를 뽑는 게임입니다.'),
                                                                                                                                           (37, '참새작', '쉬움', '2009-01-01', 2, 4, 20, '참새를 모아 점수를 얻는 카드 게임입니다.'),
                                                                                                                                           (38, '비스트', '어려움', '2016-01-01', 2, 4, 60, '몬스터를 물리치는 전략 게임입니다. 다양한 전술을 사용하세요.'),
                                                                                                                                           (39, '세트업', '중간', '2018-01-01', 2, 4, 30, '카드를 조합하여 세트를 만드는 게임입니다. 전략적으로 카드를 배치하세요.'),
                                                                                                                                           (40, '피드 더 크라켄', '중간', '2017-01-01', 3, 6, 45, '크라켄에게 먹이를 주는 협력 게임입니다. 팀워크를 발휘하세요.'),
                                                                                                                                           (41, '스탁파일', '중간', '2015-01-01', 2, 5, 45, '주식을 사고 팔아 이익을 얻는 게임입니다. 시장을 예측하세요.'),
                                                                                                                                           (42, '달러 투 도넛', '쉬움', '2020-01-01', 2, 4, 30, '도넛을 팔아 달러를 버는 게임입니다. 전략적으로 도넛을 만드세요.'),
                                                                                                                                           (43, '펠리시티 자루 속 고양이', '쉬움', '2013-01-01', 2, 4, 20, '고양이를 자루에서 꺼내는 게임입니다. 조심스럽게 고양이를 다루세요.'),
                                                                                                                                           (44, '트렉스', '중간', '2016-01-01', 2, 4, 30, '공룡을 테마로 한 전략 게임입니다. 공룡을 관리하세요.'),
                                                                                                                                           (45, '디셉션', '어려움', '2014-01-01', 4, 12, 60, '추리와 협력 요소가 결합된 게임입니다. 팀워크와 추리를 발휘하세요.');

INSERT INTO tbl_boardgameimage (image_url, boardgame_code, image_no) VALUES
                                                                         ('/boardgameimgs/1.png', 1, 1),
                                                                         ('/boardgameimgs/2.jpg', 2, 1),
                                                                         ('/boardgameimgs/3.jpg', 3, 1),
                                                                         ('/boardgameimgs/4.jpg', 4, 1),
                                                                         ('/boardgameimgs/5.jpg', 5, 1),
                                                                         ('/boardgameimgs/6.jpg', 6, 1),
                                                                         ('/boardgameimgs/7.png', 7, 1),
                                                                         ('/boardgameimgs/8.png', 8, 1),
                                                                         ('/boardgameimgs/9.jpg', 9, 1),
                                                                         ('/boardgameimgs/10.jpg', 10, 1),
                                                                         ('/boardgameimgs/11.png', 11, 1),
                                                                         ('/boardgameimgs/12.jpg', 12, 1),
                                                                         ('/boardgameimgs/13.png', 13, 1),
                                                                         ('/boardgameimgs/14.jpg', 14, 1),
                                                                         ('/boardgameimgs/15.jpg', 15, 1),
                                                                         ('/boardgameimgs/16.jpg', 16, 1),
                                                                         ('/boardgameimgs/17.jpg', 17, 1),
                                                                         ('/boardgameimgs/18.png', 18, 1),
                                                                         ('/boardgameimgs/19.png', 19, 1),
                                                                         ('/boardgameimgs/20.jpg', 20, 1),
                                                                         ('/boardgameimgs/21.png', 21, 1),
                                                                         ('/boardgameimgs/22.jpg', 22, 1),
                                                                         ('/boardgameimgs/23.jpg', 23, 1),
                                                                         ('/boardgameimgs/24.png', 24, 1),
                                                                         ('/boardgameimgs/25.png', 25, 1),
                                                                         ('/boardgameimgs/26.jpg', 26, 1),
                                                                         ('/boardgameimgs/27.jpg', 27, 1),
                                                                         ('/boardgameimgs/28.jpg', 28, 1),
                                                                         ('/boardgameimgs/29.png', 29, 1),
                                                                         ('/boardgameimgs/30.jpg', 30, 1),
                                                                         ('/boardgameimgs/31.jpg', 31, 1),
                                                                         ('/boardgameimgs/32.jpg', 32, 1),
                                                                         ('/boardgameimgs/33.jpg', 33, 1),
                                                                         ('/boardgameimgs/34.jpg', 34, 1),
                                                                         ('/boardgameimgs/35.jpg', 35, 1),
                                                                         ('/boardgameimgs/36.png', 36, 1),
                                                                         ('/boardgameimgs/37.jpg', 37, 1),
                                                                         ('/boardgameimgs/38.jpg', 38, 1),
                                                                         ('/boardgameimgs/39.png', 39, 1),
                                                                         ('/boardgameimgs/40.jpg', 40, 1),
                                                                         ('/boardgameimgs/41.jpg', 41, 1),
                                                                         ('/boardgameimgs/42.jpg', 42, 1),
                                                                         ('/boardgameimgs/43.jpg', 43, 1),
                                                                         ('/boardgameimgs/44.jpg', 44, 1),
                                                                         ('/boardgameimgs/45.jpg', 45, 1);